Gujrati,English
પ્રતિભા,Talent
મૂળાક્ષર,Alphabet
આમૂલ,Radical
રહસ્યમય,Mysterious
નિષ્કલંક,Passive
ભરો કરવું,Subscribe
સમાજનું,Social
વધારા,Addition
પ્રોત્સાહન આપવું,Encourage
બિનપરંપરાગત,Unconventional
સલાહકાર,Consultant
ઘેરાયેલું,Surrounding
વ્યવહારીક,Practically
ગાળો,Gaps
વ્યૂહ,Strategy
ઉત્તેજના,Irritation
પક્ષપાત,Patriotism
શોખ,Show
હાસ્યાસ્પદ,Ridiculous
ભ્રષ્ટ,Instilled
જબરદસ્ત,Tremendous
દરખાસ્ત કરવી,Propose
પ્રચંડ,Enormous
Loીલી રીતે,Loosely
ઉભરતું,burgeoning
હિત,Interest
તકનિકી,Technical
પાસાં,Aspects
ધર્મન,Church
પાડોશી,Neighbouring
વાહનો,Vehicular
અચાનક,Abrupt
પદ્ધતિ,Modes
પ્રારંભિક,Initially
ગ્રાફિક્સ,Graphics
તેજસ્વી,Brilliant
મનોવૈજ્ologicalાનિક,psychological
સ્ત્રોત,Sources
દરખાસ્ત,Proposal
ચંચળ,Spectrum
ગમે તે,Whatever
નોંધપાત્ર,Significant
વાઇકિંગ્સ,Vikings
તૂટી પડ,Break-down
પ્રવાસ,Travelling
છીછરું,Shallow
સમજ,Insight
વ્યાપક,Generalized
વીજળીના,Electrically
ગડગડતું,Rammer
કોડિટ,Commodity
જીવવિજ્icallyાન રીતે,Biologically
મહત્વપૂર્ણ,Important
જટિલતા,Complexity
અર્થ,Mean
નિષ્ફળતા,Failure
ક્રાંતિ,Revolution
પૂર્ણ,Completing
શંકા,Doubt
નિષ્ફળતા,Failure
કાયમી,Permanent
સારાંશ,Summarize
એકીકૃતતા,Amalgamation
હિસ્સો,Share
મહત્વપૂર્ણ,Important
જટિલતા,Complexity
અર્થ,Mean
નિષ્ફળતા,Failure
ક્રાંતિ,Revolution
ગહન,Profound
સરખું,Similar
સમૃદ્ધ,Prosperous
મંડળ,Association
શાસ્ત્રીય,Classical
બનવું,Happen
પરિચય કરાયેલ,Introduced
પરંપરાગત રીતે,Conventionally
પડકાર,Challenge
વેપારી,Merchant
મર્યાદિત,Limited
પરવાનગી,Permission
સૂચન,Prescribing
પરંપરાગત,Conventional
પ્રવેગિત,Exposed
નાણાકીય,Monetary
મંદી,Recession
શ્રેણી,Series
ઉમેરેલું,Added
હિંમત,Paddle
સંચાલન,Operation
હોડી,Boat
સંચય,Accumulating
વ્યક્તિઓનું,Individuals
વિશ્લેષણી,Analytics
દૃશ્યમાન,Visible
ઉત્તમ,Excellent
Industrialાલ,Industrialized
સ્થિર,Steady
સર્ફર,Surfer
પ્રાણી,Creature
પ્રતિભાશાળી,Genius
સમયસર,Timely
કામ,Done
જરૂરી,Necessarily
કન્યા બાંધવું તે,Branding
અનુભવ,Experience
પોષણ,Nutrition
વિરોધાભાસ,Paradox
વિગત,Detail
સુવિધાઓ,Facilities
અભિમાન,Expression
સ્થળાંતર,Migration
ધર્મો,Theories
જ્ knowledgeાન,Knowledge
ફેરવું,Turned
હર્ષ,Shaved
વીજળીથી,Electronically
વધુ,Rather
પોષક તત્વો,Nutrients
ઘટના,Phenomenon
વૈવિધ્યકરણ,Globalization
નિદાન,Diagnosis
મૂળ,Roots
બેશરમ,Puzzled
ઊંડા,Deeper
વિશાળ,Massive
શાણપણ,Wisdom
Depંડાણ,Depths
બધે,Everywhere
સ્વાભાવિક,Natural
આંશિક,Partial
વિષયો,Subjects
વાંચીથી,Readably
હેતુ,Purpose
ભૂમિકા,Role
પરિસ્થિતિ,Situation
માત્રાત્મક,Quantitative
પ્રતિનિધિત્વ રૂપે,Representatively
સ્ત્રીત્વ,Femininity
તત્વજ્ philાન,Philosophy
મેળવવામાં,Getting
વિશ્વાસપાત્ર,Convincible
દ્વિસંગી,Binary
ક્રમાંકિત,Revolutionized
વાણિજ્ય,Commerce
તપાસ કરવી,Investigate
વર્ણાનુક્રમ,Alphabetic
નિર્ણાયક,Crucial
ગતિવિધિ,Movement
વપરાશ,Consumption
જાણી જોઈને,Intentionally
મનોવિજ્ologistાન,Psychologist
ચોરવું,Squabble
સંશ્લેષણ,Synthesis
દોષિત,Convicted
પ્રદેશો,Regions
વિકૃત,Deformed
ઇરાદાપૂર્વક,Intentional
સમજવું,Understand
થોડું,Tiny
Coveredંકડી,Covered
વિશ્વાસ,Confidence
તત્વો,Elements
સંબંધીઓ,Relatives
મધ્યમ,Intermediate
ભાર મૂકવો,Emphasized
વધુ પડતી ફીશિંગ,Overfishing
તારક,Staring
ફેશનો,Fashions
ફેંકી દેવું,Thrown
અનુપજન આવે છે,Emulates
ધસારો,Rush
વીમા,Insurance
નિયંત્રણ,Control
ઉપદેશક,Instructive
વ્યક્તિગતતા,Individuality
બંધારણ,Constitution
હરિત નાટકો,chlorophyll
ઉત્પાદન,Manufacturing
અદૃશ્ય થઈ જવું,Disappeared
વાસ્તવિકતા,Reality
આર્થિક રીતે,Economically
ગુંડો,Clot
બહાર કા emવું,Emit
પુરાવો,Evidence
પ્રશ્ન,Question
વિશ્વ,Universe
ફોકસ,Focus
આત્યંતિક,Extreme
મુખ્ય,Main
ખરેખર,Really
અનુમાન,Forecast
કામચલાઉ,Temporary
વૃદ્ધિ,Growth
દુર્દશા,Predicament
સંશોધનકારો,Researchers
પડ,Declines
પદ્ધતિ,System
અનિવાર્ય,Inevitable
દાખલાઓ,Patterns
ઓળખાયેલ,Identified
એકતરફી,Convergence
જુબાની,Deposition
અજાયબી,Surprised
વાઇરસ,Virus
જટિલ,Complicated
સંપ્રદાય,Prescription
આકર્ષક,Sleek
વારંવાર,Frequently
જળાશય,Reservoir
પાછળથી,Later
મોકલવું,Send
ફોલ્ડર,Folder
મુખ્ય,Chief
ચિત્ર,Portrait
કાયદેસર,Legitimate
સાહસ,Enterprise
વર્તન,Behaviour
નક્કી કરવું,Determine
દરિયાપાર,Overseas
તનાવ,Tension
પ્રીમિયમ,Premium
લોકશાહી,Democracy
શંકા,Distrust
ઇરાદો,Intend
ઘા,Baffle
પત્રકાર,Journalist
પ્રારંભિક,Initial
હેલ્મેટ,Helmet
બબલ,Bubble
સમીકરણો,Equations
શરત,Conditions
લાયક હોવું,Qualifies
પુસ્તકાલય,Library
બાકી,Remaining
સાવચેતીભર્યું,Cautionary
ધારી શકાય તેવું,Predictable
સ્વત્વાર્પણ,Acclimate
વિવિધ પ્રકારનું,Diverse
પરિમાણ,Magnitude
ચક્કર,Circling
પાઉન્ડ,Pounds
ચલો,Variables
હદ,Bounds
પ્રાપ્ત,Obtaining
વાતાવરણીય,Atmospheric
પ્રકાશિત,Published
વાહન,Trajectory
સો,Hundred
ધીરે ધીરે,Gradually
સામાજિક આર્થિક,socioeconomic
છાંટા,Splashes
ખેંચાણવાળું,Stretching
સળગતું,Burning
દેશ,Countries
સ્થાન,Sitting